{"Jan 2019": 92576.48537063599, "Feb 2019": 91369.15789413452, "Mar 2019": 98037.27290916443, "Apr 2019": 99541.97532653809, "May 2019": 96319.56280708313, "Jun 2019": 86423.39817428589, "Jul 2019": 95768.63032603264, "Aug 2019": 91061.69052314758, "Sep 2019": 94760.14045906067, "Oct 2019": 48085.68390274048}